Title,Link
Nơi nào người dân đánh nhau để đón năm mới bình an?,https://vnexpress.net/noi-nao-nguoi-dan-danh-nhau-de-don-nam-moi-binh-an-4999728.html
Các chính sách hỗ trợ bảo hiểm y tế tại TP HCM từ 2026,https://vnexpress.net/cac-chinh-sach-ho-tro-bao-hiem-y-te-tai-tp-hcm-tu-2026-5000695.html
Hồi sinh nhờ lá gan hiến tặng ngày cuối năm,https://vnexpress.net/hoi-sinh-nho-la-gan-hien-tang-ngay-cuoi-nam-5000676.html
Việt Nam đăng cai tổ chức Hội nghị Bộ trưởng số ASEAN,https://vnexpress.net/viet-nam-dang-cai-to-chuc-hoi-nghi-bo-truong-so-asean-5000673.html
"Dòng xe ùn ứ cửa ngõ Hà Nội, TP HCM trước kỳ nghỉ lễ 4 ngày",https://vnexpress.net/dong-xe-un-u-cua-ngo-ha-noi-tp-hcm-truoc-ky-nghi-le-4-ngay-5000684.html
Không được mẹ yêu thương nhưng tôi lại gặp nhiều may mắn,https://vnexpress.net/cha-me-thien-vi-khong-duoc-me-yeu-thuong-nhung-toi-lai-gap-nhieu-may-man-5000557.html
Bivina đồng hành người dân vùng duyên hải dịp cuối năm,https://vnexpress.net/bivina-dong-hanh-nguoi-dan-vung-duyen-hai-dip-cuoi-nam-5000669.html
Điều gì xảy ra khi phụ nữ thiếu canxi?,https://vnexpress.net/dieu-gi-xay-ra-khi-phu-nu-thieu-canxi-5000578.html
"5 lưu ý khi súc miệng, họng bằng nước muối",https://vnexpress.net/5-luu-y-khi-suc-mieng-hong-bang-nuoc-muoi-5000577.html
4 sĩ quan nhận nhiệm vụ gìn giữ hòa bình Liên Hợp Quốc,https://vnexpress.net/4-si-quan-nhan-nhiem-vu-gin-giu-hoa-binh-lien-hop-quoc-5000646.html
'Tính sinh kế cho người bị thu hồi đất thay vì chỉ đền bù bằng tiền',https://vnexpress.net/tinh-sinh-ke-cho-nguoi-bi-thu-hoi-dat-thay-vi-chi-den-bu-bang-tien-5000422.html
Lê Trung Khoa bị tuyên phạt 17 năm tù,https://vnexpress.net/le-trung-khoa-bi-tuyen-phat-17-nam-tu-5000683.html
Phó chánh Văn phòng Trung ương Đảng làm Thứ trưởng Bộ Văn hóa Thể thao và Du lịch,https://vnexpress.net/pho-chanh-van-phong-trung-uong-dang-lam-thu-truong-bo-van-hoa-the-thao-va-du-lich-5000353.html
Nguyễn Văn Đài bị tuyên 17 năm tù,https://vnexpress.net/nguyen-van-dai-bi-tuyen-17-nam-tu-5000302.html
Đánh giá viên chức dựa trên sự hài lòng của người dân,https://vnexpress.net/danh-gia-vien-chuc-dua-tren-su-hai-long-cua-nguoi-dan-5000654.html
Pháo hoa năm mới rực sáng bầu trời New Zealand,https://vnexpress.net/the-gioi-bat-dau-don-nam-moi-2026-5000678.html
Không gian sống bên biển tại biệt thự Casa,https://vnexpress.net/khong-gian-song-ben-bien-tai-biet-thu-casa-5000671.html
Bộ Chính trị đồng ý đưa sĩ quan quân đội tham gia Ban Chỉ huy quân sự cấp xã,https://vnexpress.net/bo-chinh-tri-dong-y-dua-si-quan-quan-doi-tham-gia-ban-chi-huy-quan-su-cap-xa-5000619.html
Cua Cà Mau sốt giá dịp Tết Dương lịch,https://vnexpress.net/cua-ca-mau-sot-gia-dip-tet-duong-lich-5000580.html
Gia Lai cắt giảm hơn 50% thời gian giải quyết thủ tục hành chính,https://vnexpress.net/gia-lai-cat-giam-hon-50-thoi-gian-giai-quyet-thu-tuc-hanh-chinh-5000416.html
Đạo diễn Quang Dũng làm 'Đất rừng phương Nam' phần 2,https://vnexpress.net/dao-dien-quang-dung-lam-dat-rung-phuong-nam-phan-2-5000497.html
Ông Dương Trung Ý làm Tổng biên tập Tạp chí Cộng sản,https://vnexpress.net/ong-duong-trung-y-lam-tong-bien-tap-tap-chi-cong-san-5000667.html
Vô sinh do đột biến gene có di truyền không?,https://vnexpress.net/vo-sinh-do-dot-bien-gene-co-di-truyen-khong-5000604.html
Chuyên gia nêu dấu ấn hợp tác giáo dục đại học Việt - Anh,https://vnexpress.net/chuyen-gia-neu-dau-an-hop-tac-giao-duc-dai-hoc-viet-anh-5000594.html
4 cách kiểm soát chi tiêu dịp cuối năm của người trẻ,https://vnexpress.net/4-cach-kiem-soat-chi-tieu-dip-cuoi-nam-cua-nguoi-tre-5000572.html
3 nguyên tắc tích sản vàng khi giá tăng cao,https://vnexpress.net/3-nguyen-tac-tich-san-vang-khi-gia-tang-cao-5000401.html
"Điểm tin 17h: Tổng Bí thư yêu cầu trả lời 3 câu hỏi về khoa học công nghệ năm 2026 | Yêu cầu Zalo điều chỉnh thỏa thuận, không buộc người dùng 'phải đồng ý'",https://vnexpress.net/diem-tin-17h-tong-bi-thu-yeu-cau-tra-loi-3-cau-hoi-ve-khoa-hoc-cong-nghe-nam-2026-yeu-cau-zalo-dieu-chinh-thoa-thuan-khong-buoc-nguoi-dung-phai-dong-y-5000660.html
Hà Nội cấm đường quanh hồ Hoàn Kiếm tổ chức chào năm mới 2026,https://vnexpress.net/ha-noi-cam-duong-quanh-ho-hoan-kiem-to-chuc-chao-nam-moi-2026-5000649.html
Những loại thuốc nên có sẵn trong nhà dịp Tết,https://vnexpress.net/nhung-loai-thuoc-nen-co-san-trong-nha-dip-tet-5000345.html
Hai nước châu Phi đáp trả lệnh cấm nhập cảnh của Mỹ,https://vnexpress.net/hai-nuoc-chau-phi-dap-tra-lenh-cam-nhap-canh-cua-my-5000601.html
Thị trường ôtô Việt 2025: năm của điện hóa và xe Trung Quốc,https://vnexpress.net/thi-truong-oto-viet-2025-nam-cua-dien-hoa-va-xe-trung-quoc-5000553.html
Dulux Professional đầu tư sản xuất bền vững,https://vnexpress.net/dulux-professional-dau-tu-san-xuat-ben-vung-5000635.html
Aeon Việt Nam tăng tuyển dụng cho năm 2026,https://vnexpress.net/aeon-viet-nam-tang-tuyen-dung-cho-nam-2026-5000648.html
"Vì sao món kho, rang hợp mùa lạnh?",https://vnexpress.net/vi-sao-mon-kho-rang-hop-mua-lanh-5000617.html
"Chơi gì, đi đâu ở Hà Nội 4 ngày nghỉ lễ?",https://vnexpress.net/choi-gi-di-dau-o-ha-noi-4-ngay-nghi-le-5000461.html
Subaru - sức hút từ dàn xe 'made-in Japan',https://vnexpress.net/subaru-suc-hut-tu-dan-xe-made-in-japan-5000326.html
Người dân đến Nhà thờ Đức Bà ngắm hai thánh giá mạ vàng,https://vnexpress.net/nguoi-dan-den-nha-tho-duc-ba-ngam-hai-thanh-gia-ma-vang-4998575.html
Thái Y Lâm gây sốt khi diễn trên mô hình đầu rắn,https://vnexpress.net/thai-y-lam-gay-sot-khi-dien-tren-mo-hinh-dau-ran-5000616.html
Hạ tầng Gelex đấu giá thành công 100 triệu cổ phiếu,https://vnexpress.net/ha-tang-gelex-dau-gia-thanh-cong-100-trieu-co-phieu-5000628.html
Vì sao mắt trũng sâu?,https://vnexpress.net/vi-sao-mat-trung-sau-5000468.html
DAT Group là 'Doanh nghiệp ESG xanh quốc gia 2025',https://vnexpress.net/dat-group-la-doanh-nghiep-esg-xanh-quoc-gia-2025-5000463.html
6 quả người tiểu đường không nên ăn thường xuyên,https://vnexpress.net/6-qua-nguoi-tieu-duong-khong-nen-an-thuong-xuyen-5000457.html
Bà Nguyễn Thị Thu Hà làm Phó chánh Văn phòng Trung ương Đảng,https://vnexpress.net/ba-nguyen-thi-thu-ha-lam-pho-chanh-van-phong-trung-uong-dang-5000374.html
U23 Việt Nam có thể thay 3 cầu thủ so với SEA Games 33,https://vnexpress.net/u23-viet-nam-co-the-thay-3-cau-thu-so-voi-sea-games-33-5000624.html
Người Mỹ mất 33 triệu USD vì lừa đảo ATM Bitcoin năm 2025,https://vnexpress.net/nguoi-my-mat-33-trieu-usd-vi-lua-dao-atm-bitcoin-nam-2025-5000565.html
5 váy dạ hội nổi bật tại cuộc thi hoa hậu quốc tế 2025,https://vnexpress.net/5-vay-da-hoi-noi-bat-tai-cuoc-thi-hoa-hau-quoc-te-2025-5000519.html
"Khu căn hộ, du lịch hơn 12.800 tỷ đồng tại Gia Lai có chủ đầu tư",https://vnexpress.net/khu-can-ho-du-lich-hon-12-800-ty-dong-tai-gia-lai-co-chu-dau-tu-5000536.html
Vì sao người Mông Cổ thống trị Sumo?,https://vnexpress.net/vi-sao-nguoi-mong-co-thong-tri-sumo-5000606.html
Chứng khoán tăng mạnh nhất 8 năm,https://vnexpress.net/chung-khoan-tang-manh-nhat-8-nam-5000603.html
Sản xuất của Trung Quốc tăng trở lại sau 8 tháng giảm,https://vnexpress.net/san-xuat-cua-trung-quoc-tang-tro-lai-sau-8-thang-giam-5000480.html
Những cơn đau dai dẳng ở vận động viên chạy bộ,https://vnexpress.net/nhung-con-dau-dai-dang-o-van-dong-vien-chay-bo-5000593.html
